{
  "action_fingerprints": {
    "action_listen": {
      "slots": [
        "cuisine",
        "location",
        "email",
        "price"
      ]
    },
    "action_check_location": {
      "slots": [
        "location_found",
        "location"
      ]
    },
    "utter_final_bye": {
      "slots": []
    },
    "email_restaurant_details": {
      "slots": []
    }
  },
  "rasa_core": "0.10.1",
  "max_histories": [
    5,
    5
  ],
  "ensemble_name": "rasa_core.policies.ensemble.SimplePolicyEnsemble",
  "policy_names": [
    "rasa_core.policies.memoization.MemoizationPolicy",
    "rasa_core.policies.keras_policy.KerasPolicy"
  ]
}